{"cameraMode":{"drawMode":0,"name":"Shaded","section":"Shading Mode"},"sceneLighting":true,"audioPlay":false,"sceneViewState":{"showFog":true,"showMaterialUpdate":false,"showSkybox":true,"showFlares":true,"showImageEffects":true,"showParticleSystems":true,"showVisualEffectGraphs":true,"m_FxEnabled":true},"in2DMode":false,"pivot":{"x":2.959993839263916,"y":-0.02973330020904541,"z":0.6336571574211121},"rotation":{"x":-0.47524452209472659,"y":-0.01633778028190136,"z":0.008863626047968865,"w":-0.8797110915184021},"size":1.3634490966796876,"orthographic":false}