{"cameraMode":{"drawMode":0,"name":"Shaded","section":"Shading Mode"},"sceneLighting":true,"audioPlay":false,"sceneViewState":{"showFog":true,"showMaterialUpdate":false,"showSkybox":true,"showFlares":true,"showImageEffects":true,"showParticleSystems":true},"in2DMode":false,"pivot":{"x":1.9114644527435303,"y":1.7623701095581055,"z":2.704887866973877},"rotation":{"x":0.38088300824165347,"y":0.28770408034324648,"z":-0.12600675225257874,"w":0.8696436285972595},"size":5.528428077697754,"orthographic":false}